terms,categories,DisciplineBroadArea
accounting,accounting,
acoustics,acoustics,Acoustics
adaptive dynamics,adaptive dynamics,
advanced computational science,computer science,Computer Science; Theory & Methods 
advanced materials for energy,materials science,Materials Science; Multidisciplinary 
advanced optical design,optical design,Optics 
aeroecology,aeroecology,Ecology 
aeronautics,aeronautics,Engineering; Aerospace
aerospace engineering,aerospace engineering,Engineering; Aerospace
aerospace systems,aerospace systems,Engineering; Aerospace 
aging sciences,aging science,Developmental Biology 
agricultural and biological engineering,"agricultural engineering, biological engineering",Agriculture; Dairy & Animal Science 
agricultural and biosystems engineering,"agricultural engineering, biosystems engineering",Agriculture; Dairy & Animal Science 
agricultural biotechnology,agricultural biotechnology,Agriculture; Dairy & Animal Science 
agricultural ecology,agricultural ecology,Agriculture; Dairy & Animal Science 
agricultural economics,agricultural economics,Agricultural Economics & Policy
agricultural engineering,agricultural engineering,Agricultural Engineering
agricultural science,agricultural science,Agriculture; Dairy & Animal Science
agricultural sciences,agriculture,Agriculture; Dairy & Animal Science 
agricultural systems,agricultural systems,Agriculture; Dairy & Animal Science 
agriculture science,agricultural science,Agriculture; Dairy & Animal Science 
agriculture-related disciplines,agricultural science,Agriculture; Dairy & Animal Science 
agriculture/economics,"agriculture, economics",Agriculture; Dairy & Animal Science 
agronomy,agronomy,Agronomy
ai,artificial intelligence,Computer Science; Artificial Intelligence
algorithm design,algorithm design,Computer Science; Hardware & Architecture 
analytical chemistry,analytical chemistry,Chemistry; Analytical
animal science,animal science,Agriculture; Dairy & Animal Science
animal sciences,animal science,Agriculture; Dairy & Animal Science 
anthropology,anthropology,Anthropology
applied and engineering physics,"applied physics, engineering physics",Physics; Applied 
applied anthropology,applied anthropology,Anthropology
applied biodiversity science,applied biodiversity science,Biodiversity Conservation 
applied economics,applied economics,Economics
applied engineering,applied engineering,Engineering; Multidisciplinary
applied engineering programs,applied engineering,Engineering; Multidisciplinary 
applied math,applied mathematics,Mathematics; Applied 
applied mathematics,applied mathematics,Mathematics; Applied 
applied mathematics & statistics,"applied mathematics, statistics",Mathematics; Applied 
applied mathematics and statistics,"applied mathematics, statistics",Mathematics; Applied 
applied mechanics,applied mechanics,Mechanics
applied physics,applied physics,Physics; Applied
applied physics & applied mathematics,"applied physics, applied mathematics",Physics; Applied
applied science,applied science,Physics; Applied
aquatic science,aquatic science,Marine & Freshwater Biology 
archaeology,archaeology,Archaeology
archeology,archeology,Archaeology
archeometry,archeometry,Archaeology
architecture,architecture,Architecture
arctic research,arctic research,Environmental Studies 
art,art,Art
art history,art history,Humanities; Multidisciplinary 
arthropod evolution,arthropod evolution,Evolutionary Biology 
artificial intelligence,artificial intelligence,Computer Science; Artificial Intelligence
artificial intelligence (ai),artificial intelligence,Computer Science; Artificial Intelligence 
arts,art,Art
arts & sciences,"art, science",Art
arts and humanities,"art, humanities",Art
arts and science,"art, science",Art
arts and sciences,"art, science",Art
astrobiology,astrobiology,Biology 
astronautics,astronautics,Engineering; Aerospace
astronomy,astronomy,Astronomy & Astrophysics
astrophysics,astrophysics,Astronomy & Astrophysics
atmospheric and marine science,"atmospheric science, marine science",
atmospheric fluid dynamics,atmospheric fluid dynamics,
atmospheric science,atmospheric science,Meteorology & Atmospheric Sciences
atmospheric science/meteorology,"atmospheric science, meteorology",Meteorology & Atmospheric Sciences 
atmospheric sciences,atmospheric science,Meteorology & Atmospheric Sciences
atomic physics,atomic physics,Physics; Atomic; Molecular & Chemical 
automotive engineering,automotive engineering,Engineering; Mechanical
aviation,aviation,Engineering; Aerospace 
basic biomedical science,biomedical science,Medicine; Research & Experimental 
basic biomedical sciences,biomedical science,Medicine; Research & Experimental 
basic science,basic science,
basic sciences,basic science,
behavior genetics,behavior genetics,Genetics & Heredity
behavior science,behavioral science,Behavioral Sciences 
behavioral biology,behavioral biology,Behavioral Sciences 
behavioral genetics,behavioral genetics,Behavioral Sciences 
behavioral science,behavioral science,Behavioral Sciences
behavioral sciences,behavioral science,Behavioral Sciences
bio-environmental science,bio-environmental science,Biology
bio-innovation,bioinnovation,Engineering; Environmental 
bio-otechnology,biootechnology,Engineering; Environmental 
biochemical engineering,biochemical engineering,Biology
biochemistry,biochemistry,Biology
bioengineering,bioengineering,Biology
biofilm engineering,biofilm engineering,
biogeochemistry,biogeochemistry,Biology
biogeography,biogeography,Geochemistry & Geophysics 
biogeoscience,biogeoscience,Biology
bioinformatics,bioinformatics,Biology
biological and environmental engineering,"biological engineering, environmental engineering",Engineering; Environmental 
biological disciplines,biology,Biology
biological engineering,biological engineering,Biology
biological oceanography,biological oceanography,Marine & Freshwater Biology 
biological science,biology,Biology
biological sciences,biology,Biology
biological systems engineering,biological systems engineering,Engineering; Multidisciplinary 
biology,biology,Biology
biology/biologists,biology,Biology
biomathematics,biomathematics,Biology
biomechanics and engineering,"biomechanics, engineering",Engineering; Multidisciplinary 
biomechanics/anatomy,"biomechanics, anatomy",Engineering; Multidisciplinary 
biomedical engineering,biomedical engineering,Biology
biomedical informatics,biomedical informatics,Biology
biomedical research,biomedicine,Social Sciences; Biomedical 
biomedical science,biomedicine,Biology
biomedical science and engineering,"biomedicine, biomedical engineering",
biomedical sciences,biomedicine,Social Sciences; Biomedical 
biomedicine,biomedicine,Biology
biometry,biometry,Biology
biomolecular engineering,biomolecular engineering,Biology
biomolecular science,biomolecular science,Biology
biomolecular science & engineering,"biomolecular science, biomolecular engineering",Engineering; Biomedical 
biophotonics,biophotonics,Engineering; Biomedical 
biophysical science,biophysics,Engineering; Biomedical 
biophysical sciences,biophysics,Biophysics 
biophysics,biophysics,Biophysics
bioprocess engineering,bioprocess engineering,Engineering; Biomedical 
biosciences,biology,Biology
biosystems,biosystems engineering,Engineering; Biomedical 
biosystems and agricultural engineering,"biosystems engineering, agricultural engineering",Agriculture; Multidisciplinary 
biosystems engineering,biosystems engineering,Biology
biotechnology,biotechnology,Biotechnology & Applied Microbiology
botanical systems,botanical systems,Plant Sciences 
botany,botany,Biology
brain and cognitive science,"brain science, cognitive science",Psychology; Multidisciplinary 
brain and cognitive sciences,"brain science, cognitive science",Psychology; Multidisciplinary 
business administration,business administration,Business
business analytics,business analytics,Business
business and entrepreneurship,"business, entrepreneurship",Business
cardiovascular physiology,cardiovascular physiology,Physiology 
cell and developmental biology,"cell biology, developmental biology",
cell and molecular neurobiology,"cell neurobiology, molecular neurobiology",
cell biology,cell biology,Cell Biology
cellular & molecular mechanics,"cellular mechanics, molecular mechanics",Cell Biology 
cellular and developmental biology,"cell biology, developmental biology",Cell Biology 
cellular biology,cell biology,Cell Biology 
cellular engineering,cell engineering,Cell Biology 
center for solid state electronics research,solid state electronics,Engineering; Electrical & Electronic 
ceramic engineering,ceramic engineering,Materials Science; Ceramics
ceramics and materials engineering,"ceramic engineering, materials engineering",Materials Science; Ceramics
cfd (computational fluid dynamics),computational fluid dynamics,Physics; Fluids & Plasmas 
chemical and biochemical engineering,"chemical engineering, biochemical engineering",Engineering; Chemical 
chemical and biomolecular engineering,"chemical engineering, biomolecular engineering",Engineering; Chemical 
chemical and materials engineering,"chemical engineering, materials engineering",Engineering; Chemical 
chemical biology,chemical biology,Biochemistry & Molecular Biology
chemical ecology,chemical ecology,Chemistry; Organic 
chemical engineering,chemical engineering,Engineering; Chemical
chemical genomics,chemical genomics,Biochemistry & Molecular Biology
chemical physics,chemical physics,Chemistry; Physical 
chemical science,chemistry,Chemistry; Multidisciplinary 
chemical sciences,chemistry,Chemistry; Multidisciplinary 
"chemical, biochemical and environmental engineering","chemical engineering, biochemical engineering, environmental engineering",Engineering; Chemical
chemistry,chemistry,Chemistry; Multidisciplinary 
chemistry and biochemistry,"chemistry, biochemistry",Biochemistry & Molecular Biology
chemistry of life processes,chemistry of life processes,Chemistry; Multidisciplinary 
chemistry/pharmaceutics,"chemistry, pharmaceutics",Chemistry; Multidisciplinary 
chronometry,chronometry,Instruments & Instrumentation
civil and environmental engineering,"civil engineering, environmental engineering",Engineering; Civil 
civil engineering,civil engineering,Engineering; Civil
"civil, environmental, and sustainable engineering","civil engineering, environmental engineering, sustainable engineering",Engineering; Civil 
civil/environmental engineering,"civil engineering, environmental engineering",Engineering; Civil 
climate dynamics,climate dynamics,Environmental Sciences 
climate modeling,climate modeling,Environmental Sciences 
climate science,climatology,Environmental Sciences
climatology,climatology,Environmental Sciences 
clinical disciplines,clinical disciplines,Health Policy & Services 
clinical psychology,clinical psychology,Psychology; Clinical 
coastal and marine system science (cmss),"coastal science, marine system science",Marine & Freshwater Biology 
coastal ocean sciences,coastal ocean science,Marine & Freshwater Biology 
cognitive and linguistic sciences,"cognitive science, linguistics",Language & Linguistics 
cognitive neuroscience,cognitive neuroscience,Neurosciences 
cognitive psychology,cognitive psychology,Psychology
cognitive science,cognitive science,Psychology
cognitive sciences,cognitive science,Psychology 
cold regions research,cold regions research,Environmental Sciences 
colloid and interface science,"colloid science, interface science",Physics; Atomic; Molecular & Chemical 
communication science,communication science,Psychology
communication science and disorders,"communication science, communication disorders",Psychology
communication sciences,communication science,Psychology
comparative and experimental functional morphology,"comparative morphology, experimental functional morphology",Anatomy & Morphology 
comparative neuroscience,comparative neuroscience,Neurosciences 
complex networks and systems (cns),complex networks and systems,Computer Science; Cybernetics 
complex systems,complex systems,Computer Science; Cybernetics 
computational and data sciences,"computational science, data science",Computer Science; Information Systems 
computational bio-imaging,computational bio-imaging,Imaging Science & Photographic Technology 
computational biology,computational biology,Mathematical & Computational Biology
computational chemistry,computational chemistry,Chemistry
computational data science,computational data science,Computer Science; Information Systems
computational engineering,computational engineering,Engineering; Multidisciplinary
computational genomics,computational genomics,Genetics & Heredity 
computational materials science,computational materials science,Materials Science; Characterization & Testing 
computational mathematics,computational mathematics,Computer Science; Information Systems
computational molecular biology,computational molecular biology,Biochemistry & Molecular Biology 
computational neuroscience,computational neuroscience,Neurosciences 
computational phylogenetics,computational phylogenetics,Genetics & Heredity 
computational physiology,computational physiology,Physiology 
computational science,computer science,Computer Science; Theory & Methods 
computational sciences,computational science,Computer Science; Theory & Methods 
computational statistics,computational statistics,Computer Science; Information Systems
computer and information science and engineering,"computer science, information science, computer engineering, information engineering",Computer Science; Theory & Methods 
computer and system sciences,"computer science, system science",Computer Science; Theory & Methods 
computer engineering,computer engineering,Computer Science; Information Systems
computer science,computer science,Computer Science; Theory & Methods
computer science and behavioral science,"computer science, behavioral science",Computer Science; Theory & Methods 
computer science and engineering,"computer science, computer engineering",Computer Science; Theory & Methods 
computer sciences,computer science,Computer Science; Theory & Methods 
computer vision,computer vision,Computer Science; Theory & Methods 
computer/signal processing,"computer processing, signal processing",Computer Science; Theory & Methods 
computing science,computer science,Computer Science; Theory & Methods 
computing-related disciplines,computer science,Computer Science; Theory & Methods 
conservation biology,conservation biology,Biodiversity Conservation 
conservation biology and biodiversity assessment,conservation biology,Biodiversity Conservation 
conservation science,conservation science,Biodiversity Conservation 
controlled environment agriculture systems,controlled environment agriculture systems,Agriculture; Multidisciplinary 
creative writing,creative writing,Literature
crop sciences,crop science,Agriculture; Multidisciplinary 
cryptography,cryptography,Computer Science; Information Systems 
cultural studies,cultural studies,Cultural Studies
cyber-physical systems,cyber-physical systems,Computer Science; Cybernetics 
cyber-physical systems (cps),cyber-physical systems,Computer Science; Cybernetics 
cybersecurity,cybersecurity,Computer Science; Hardware & Architecture
cybersecurity education research and outreach center,cybersecurity,Computer Science; Information Systems 
data analysis,data analytics,Computer Science; Information Systems 
data analytics,data analytics,Computer Science; Information Systems 
data science,data science,Computer Science; Information Systems
data visualization,data visualization,Computer Science; Information Systems 
data-enabled science,data science,Computer Science; Information Systems 
decision science,decision science,Behavioral Sciences 
decision systems,decision systems,Behavioral Sciences 
degree programs in engineering,engineering,Engineering; Mechanical 
demography,demography,Demography
design,design,
development studies,development studies,Psychology; Developmental
developmental biology,developmental biology,Developmental Biology
developmental studies,developmental studies,Psychology; Developmental 
device engineering,device engineering,Engineering; Mechanical 
different engineering programs,engineering,Engineering; Mechanical 
diplomacy,diplomacy,Political Science
distributed data analytics,distributed data analytics,Computer Science; Information Systems 
earth & environmental engineering,"earth engineering, environmental engineering",Engineering; Environmental 
earth & environmental sciences,"earth science, environmental science",Environmental Sciences
earth and climate science,"earth science, climate science",Environmental Sciences
earth science,earth science,Environmental Sciences
earth sciences,earth science,Environmental Sciences
earth system science,earth system science,Environmental Sciences
earth system science programs,earth system science,Environmental Sciences
earth system sciences,earth system science,Environmental Sciences
earth systems science,earth system science,Environmental Sciences
ecological genetics,ecological genetics,Ecology 
ecological modeling,ecological modeling,Environmental Sciences
ecology,ecology,Ecology
ecology and evolution,"ecology, evolutionary biology",Ecology 
ecology and evolutionary biology,"ecology, evolutionary biology",Ecology 
economic science,economics,Economics 
economic sciences,economics,Economics 
economics,economics,Economics
ecophysiology,ecophysiology,Physiology 
ecosystem and environmental science,"ecosystem science, environmental science",
ecosystem science,ecosystem science,Environmental Sciences
ecosystem sciences,ecosystem science,Environmental Sciences
education,education science,Education & Educational Research
education and human resources,education science,Education & Educational Research 
education research,education science,Education & Educational Research 
education science,education science,Education & Educational Research
education sciences,education science,Education & Educational Research 
educational psychology,educational psychology,Psychology
electric engineering,electrical engineering,Engineering; Electrical & Electronic 
electrical & computer engineering,"electrical engineering, computer engineering",Engineering; Electrical & Electronic 
electrical & mechanical engineering,"electrical engineering, mechanical engineering",Engineering; Electrical & Electronic 
electrical and bioengineering,"electrical engineering, bioengineering",Engineering; Electrical & Electronic 
electrical and chemical engineering,"electrical engineering, chemical engineering",Engineering; Electrical & Electronic 
electrical and computer engineering,"electrical engineering, computer engineering",Engineering; Electrical & Electronic 
electrical and computer engineering (ece),"electrical engineering, computer engineering",Engineering; Electrical & Electronic 
electrical and computer systems engineering,"electrical engineering, computer systems engineering",Engineering; Electrical & Electronic 
electrical engineering,electrical engineering,Engineering; Electrical & Electronic
electronics,electronics,Engineering; Electrical & Electronic
elemental chemistry,elemental chemistry,Chemistry; Inorganic & Nuclear 
embryology,embryology,Developmental Biology 
energy and environmental policy,"energy policy, environmental policy",
energy science,energy science,Energy & Fuels 
engineering,engineering,Engineering; Multidisciplinary 
engineering (eng),engineering,Engineering; Multidisciplinary 
engineering and life science,"engineering, life science",Engineering; Biomedical 
engineering and mathematics,"engineering, mathematics",Mathematical & Computational Biology 
engineering design,engineering design,Engineering; Multidisciplinary
engineering disciplines,engineering,Engineering; Multidisciplinary 
engineering education research,engineering education,Engineering; Multidisciplinary 
engineering immunological soft materials,materials engineering,Engineering; Industrial 
engineering physics,engineering physics,Engineering; Multidisciplinary
engineering research,engineering,Engineering; Multidisciplinary
engineering science,engineering,Engineering; Multidisciplinary
engineering science and mechanics,"engineering, mechanics",Engineering; Mechanical 
english,english,Language & Linguistics
entomological biology,entomology,Entomology 
entomology,entomology,Entomology
entomology/life sciences,"entomology, life science",Entomology 
entrepreneurship,entrepreneurship,Business
environment and earth sciences,"environmental science, earth science",Environmental Sciences 
environmental and natural resources sciences,"environmental science, natural resources science",Environmental Sciences 
environmental biology,environmental biology,Biodiversity Conservation 
environmental conservation,environmental conservation,Environmental Sciences
environmental design,environmental design,Environmental Sciences
environmental discipline,environmental science,Environmental Sciences
environmental economics,environmental economics,Agricultural Economics & Policy
environmental engineering,environmental engineering,Engineering; Environmental
environmental ethics,environmental ethics,Ethics 
environmental health,environmental health,Environmental Sciences
environmental management,environmental management,Environmental Sciences
environmental manufacturing management,environmental manufacturing management,Environmental Sciences
environmental microbiology,environmental microbiology,Biotechnology & Applied Microbiology
environmental modeling and prediction,environmental modeling,Environmental Sciences
environmental policy,environmental policy,Public Administration 
environmental science,environmental science,Environmental Sciences
environmental science and engineering,"environmental science, environmental engineering",
environmental science policy,environmental policy,Public Administration 
environmental sciences,environmental science,Environmental Sciences
environmental social sciences,environmental social science,Social Sciences; Interdisciplinary 
environmental sociology,environmental sociology,Social Sciences; Interdisciplinary
environmental studies,environmental studies,Environmental Studies
environmental systems,environmental systems,Environmental Sciences
epidemiology,epidemiology,Infectious Diseases 
ethical domains,ethics,Ethics
ethics,ethics,Ethics
ethnography,ethnography,Anthropology 
evolutionary and developmental biology,"evolutionary biology, developmental biology",Developmental Biology 
evolutionary biology,evolutionary biology,Evolutionary Biology
evolutionary developmental biology,evolutionary developmental biology,Developmental Biology 
evolutionary ecology,evolutionary ecology,Ecology 
evolutionary primatology,evolutionary primatology,Evolutionary Biology
evolutionary research,evolutionary research,Evolutionary Biology
exercise science,exercise science,Health Care Sciences & Services
exercise sciences,exercise science,Health Care Sciences & Services
experimental psychology,experimental psychology,Psychology
federal policy,federal policy,Public Administration 
fisheries,fisheries,Fisheries
fisheries science,fisheries,Fisheries
flexible electronics,flexible electronics,Engineering; Electrical & Electronic 
flexible neural electronics,flexible neural electronics,Engineering; Electrical & Electronic 
food biochemistry,food biochemistry,Biochemistry & Molecular Biology
food science,food science,Food Science & Technology
forensic engineering,forensic engineering,Engineering; Biomedical 
forensics,forensics,Law 
forest ecology,forest ecology,Forestry
forest ecology and management,"forest ecology, forest management",Forestry
forest ecosystems,forest ecosystems,Forestry
forest management,forest management,Forestry
forest resources,forestry,Forestry
forestry,forestry,Forestry
forestry and wildlife sciences,"forestry, wildlife science",Forestry
freshwater ecology,freshwater ecology,Marine & Freshwater Biology 
functional anatomy and evolution,evolutionary biology,Evolutionary Biology 
functional genomics,functional genomics,Evolutionary Biology 
game design,game design,Hospitality; Leisure; Sport & Tourism 
game theory,game theory,Mathematics; Applied 
genetic engineering,genetic engineering,Engineering; Biomedical 
genetic engineering and society (minor),genetic engineering,Engineering; Biomedical 
genetics,genetics,Genetics & Heredity
genetics (molecular and population),"molecular genetics, population genetics",Genetics & Heredity
genome biology,genome biology,Biochemistry & Molecular Biology
genome informatics,genome informatics,Genetics & Heredity
genome sciences,genome science,Genetics & Heredity
genomic sciences,genome science,Genetics & Heredity
genomics,genomics,Biochemistry & Molecular Biology
genomics and biology,"genomics, biology",Genetics & Heredity
genomics research,genomics,Genetics & Heredity
geoarchaeology,geoarchaeology,Archaeology
geochemistry,geochemistry,Geochemistry & Geophysics
geographic information science,geographic information science,Geography; Physical 
geographic information science (giscience),geographic information science,Geography; Physical 
geography,geography,Geography
geography and environmental systems,"geography, environmental systems",Geography
geoinformatics,geoinformatics,Computer Science; Interdisciplinary Applications 
geological engineering,geological engineering,Engineering; Geological
geological science,geology,Geology
geological sciences,geology,Geology
geology,geology,Geology
geology/geochemists,geology,Geology
geometry,geometry,Mathematics
geomicrobiology,geomicrobiology,Biotechnology & Applied Microbiology 
geophysics,geophysics,Geochemistry & Geophysics
geoscience,geoscience,Geosciences; Multidisciplinary
geosciences,geoscience,Geosciences; Multidisciplinary
german,german,Literature; German; Dutch; Scandinavian
health and behavioral sciences,"health science, behavioral science",Behavioral Sciences 
health science,health science,Health Care Sciences & Services
health sciences,health science,Health Care Sciences & Services
high performance computing,high performance computing,Computer Science; Hardware & Architecture 
high-performance computing,high performance computing,Computer Science; Hardware & Architecture 
history,history,History
holographics,holographics,Imaging Science & Photographic Technology 
hominid paleobiology,hominid paleobiology,Paleontology 
horticulture,horticulture,Horticulture
human centered design,human centered design,
human centered design & engineering,"human centered design, human centered engineering",Engineering; Multidisciplinary 
human dimensions of natural resource management,natural resource management,Management 
human evolution,human evolution,Evolutionary Biology 
human factors/industrial organizational psychology,industrial organizational psychology,Psychology; Social 
human genetics,human genetics,Evolutionary Biology 
human resources,human resources,Management
human-centered science,human-centered science,
human-computer interaction,human-computer interaction,Social Issues 
humanitarian engineering,humanitarian engineering,Engineering; Multidisciplinary 
humanities,humanities,Humanities; Multidisciplinary
hydrodynamics,hydrodynamics,Physics; Fluids & Plasmas 
hydrology,hydrology,Water Resources
hydrology and atmospheric sciences,"hydrology, atmospheric science",Water Resources
hydrology science,hydrology,Water Resources
imaging science,imaging science,Imaging Science & Photographic Technology
immunology,immunology,Immunology
indigenous studies,indigenous studies,Cultural Studies 
indoor environmental science and engineering,"indoor environmental science, indoor environmental engineering",Engineering; Environmental 
industrial and systems engineering,"industrial engineering, systems engineering",Engineering; Industrial 
industrial design,industrial design,
industrial engineering,industrial engineering,Engineering; Industrial
infectious disease epidemiology,infectious disease epidemiology,Infectious Diseases 
informatics,informatics,Medical Informatics
information engineering,information engineering,Engineering; Multidisciplinary
information science,information science,Information Science & Library Science
information science and technology,"information science, information technology",Information Science & Library Science
information sciences,information science,Information Science & Library Science
information sciences and technology,"information science, information technology",Information Science & Library Science
information security,information security,Computer Science; Information Systems
information systems,information systems,Computer Science; Information Systems
information technology,information technology,Information Science & Library Science
infotechnology,infotechnology,Information Science & Library Science
infrastructure engineering,infrastructure engineering,Engineering; Industrial 
insect biology,insect biology,Biology
instruments and observational science,instruments science,Instruments & Instrumentation 
integrated coastal science,integrated coastal science,Oceanography
integrative bioscience,integrative bioscience,Biology
integrative biosciences,integrative biosciences,Biology
integrative pathobiology,integrative pathobiology,Biochemistry & Molecular Biology
interdisciplinary computational sciences (ics),compter science,Computer Science; Theory & Methods 
interdisciplinary data science,data science,Computer Science; Information Systems 
interdisciplinary data science (mids),data science,Computer Science; Information Systems 
interdisciplinary disease ecology,disease ecology,Ecology 
interdisciplinary materials sciences,materials science,Materials Science; Multidisciplinary 
interior design,interior design,
international affairs,international affairs,
internet of things (iot),internet of things,
journalism,journalism,Film; Radio; Television
journalism/communication,"journalism, communication ",
kinesiology,kinesiology,Health Care Sciences & Services
language engineering,language engineering,
law,law,Law
learning design and technology,"learning design, learning technology",
learning science,learning science,Psychology; Educational 
learning sciences,learning science,Psychology; Educational 
liberal arts,liberal arts,Humanities; Multidisciplinary
library and information science,"library science, information science",Information Science & Library Science 
library sciences,library science,Information Science & Library Science 
life science,life science,Biology
life sciences,life science,Biology
life-science,life science,Biology
limnology,limnology,Limnology
linguistic science,linguistics,Language & Linguistics; Linguistics
linguistics,linguistics,Language & Linguistics; Linguistics
logic circuit design,logic circuit design,Engineering; Electrical & Electronic 
machine learning,machine learning,Computer Science; Artificial Intelligence
machine learning (ml),machine learning,Computer Science; Artificial Intelligence 
macromolecular dynamics,macromolecular dynamics,Physics; Atomic; Molecular & Chemical 
macromolecular modeling,macromolecular modeling,Physics; Atomic; Molecular & Chemical 
macromolecular science,macromolecular science,Biochemistry & Molecular Biology
magnetics,magnetics,Physics; Fluids & Plasmas 
management,management,Management
management of technology,management of technology,Management
management systems,management systems,Management
manufacturing,manufacturing,Engineering; Manufacturing
marine and climate sciences (mcs),"marine science, climate science",Marine & Freshwater Biology 
marine and environmental sciences,"marine science, environmental science",Marine & Freshwater Biology 
marine biology,marine biology,Marine & Freshwater Biology 
marine policy,marine policy,Marine & Freshwater Biology 
marine science,marine science,Marine & Freshwater Biology
marine sciences,marine science,Marine & Freshwater Biology 
material science,materials science,Materials Science; Multidisciplinary 
material sciences,material science,Materials Science; Multidisciplinary 
materials chemistry,materials chemistry,Chemistry; Physical 
materials engineering,materials engineering,Engineering; Industrial
materials science,materials science,Materials Science; Multidisciplinary 
materials science & engineering,"material science, materials engineering",Materials Science; Multidisciplinary 
materials science and engineering,"material science, materials engineering",Materials Science; Multidisciplinary 
materials science engineering,materials science engineering,Engineering; Industrial
materials synthesis,materials synthesis,Materials Science; Multidisciplinary 
materials synthesis and characterization,"materials synthesis, materials characterization",Materials Science; Multidisciplinary 
math,mathematics,Mathematics
mathematical and physical sciences,"mathematics, physics",Mathematics
mathematical investigation,mathematics,Mathematics
mathematical modeling,mathematical modeling,Mathematics
mathematical science,mathematics,Mathematics
mathematical sciences,mathematics,Mathematics
mathematics,mathematics,Mathematics
mathematics (stem),mathematics,Mathematics
mathematics and physical sciences (mps),"mathematics, physics",Mathematics
mathematics and statistics,"mathematics, statistics",Mathematics
mathematics-statistics,"mathematics, statistics",Mathematics
mathstat,"mathematics, statistics",Mathematics
mechanical & aerospace engineering,"mechanical engineering, aerospace engineering",Engineering; Mechanical 
mechanical and aeronautical engineering,"mechanical engineering, aeronautical engineering",Engineering; Mechanical 
mechanical and aerospace engineering,"mechanical engineering, aerospace engineering",Engineering; Mechanical 
mechanical engineering,mechanical engineering,Engineering; Mechanical 
mechanical systems,mechanical systems,Engineering; Mechanical 
mechanics,mechanics,Engineering; Mechanical 
media arts,media arts,Art 
medical engineering,medical engineering,Engineering; Biomedical 
medical law,medical law,Law 
medical technology,medical technology,Medical Laboratory Technology
medicinal chemistry,medicinal chemistry,Chemistry; Medicinal
medicine,medicine,Medicine; General & Internal
medicine degree programs,medicine,Medicine; General & Internal
membrane science,membrane science,Biophysics 
memory systems,memory systems,
metabolomics,metabolomics,Biophysics 
metallurgical and materials engineering,"metallurgical engineering, materials engineering",Materials Science; Characterization & Testing 
meteorology,meteorology,Meteorology & Atmospheric Sciences
microbial biology,microbial biology,Microbiology
microbial ecology,microbial ecology,Microbiology
microbiology,microbiology,Microbiology
microelectromechanical systems,microelectromechanical systems,Engineering; Electrical & Electronic 
microelectromechanical systems (mems),microelectromechanical systems,Engineering; Electrical & Electronic 
microelectronics,microelectronics,Engineering; Electrical & Electronic 
microscale systems,microsystems,
microsystems,microsystems,
microtechnology,microtechnology,Instruments & Instrumentation
molecular and integrative physiology,"molecular physiology, integrative physiology",Physiology 
molecular biology,molecular biology,Biochemistry & Molecular Biology
molecular biophysics,molecular biophysics,Physiology 
molecular bioscience,molecular bioscience,Biochemistry & Molecular Biology
molecular biosciences,molecular bioscience,Biochemistry & Molecular Biology
molecular engineering,molecular engineering,Engineering; Chemical
molecular genetics,molecular genetics,Biochemistry & Molecular Biology
molecular imaging,molecular imaging,Biochemistry & Molecular Biology
molecular life science,molecular life science,Biochemistry & Molecular Biology
molecular physics,molecular physics,Physics; Particles & Fields 
"molecular, cellular and developmental biology","molecular biology, cellular biology, developmental biology",Biochemistry & Molecular Biology
morphology,morphology,Anatomy & Morphology
morphometrics,morphometrics,Mechanics 
motion science,motion science,Mechanics 
multi-agent systems,multi-agent systems,Computer Science; Cybernetics 
multiculturalism,multiculturalism,Cultural Studies 
multiple biological disciplines,biology,Biology
museum studies,museum studies,Education & Educational Research 
nano-photonics,ophotonics,Optics 
nano-scale engineering,nanoscale engineering,Nanoscience & Nanotechnology 
nanobiosensors,nanobiosensors,Nanoscience & Nanotechnology 
nanobiotechnology,nanobiotechnology,Nanoscience & Nanotechnology 
nanomagnetism,nanomagnetism,Nanoscience & Nanotechnology 
nanomaterials,nanomaterials,Nanoscience & Nanotechnology 
nanomaterials science,nanomaterials science,Nanoscience & otechnology
nanomedicine,nanomedicine,Nanoscience & Nanotechnology 
nanoparticle science,nanoparticle science,Nanoscience & Nanotechnology 
nanoparticulate materials,nanoparticulate materials,Nanoscience & Nanotechnology 
nanoscale engineering,nanoscale engineering,Nanoscience & Nanotechnology 
nanoscale instrumentation,nanoscale instrumentation,Nanoscience & Nanotechnology 
nanoscale materials,nanoscale materials,Nanoscience & Nanotechnology 
nanoscale materials science,nanoscale materials science,Nanoscience & Nanotechnology 
nanoscale science,nanoscience,Nanoscience & Nanotechnology 
nanoscience,nanoscience,Nanoscience & Nanotechnology 
nanotechnology,nanotechnology,Nanoscience & Nanotechnology 
native american studies,native american studies,Cultural Studies 
natural interface science,natural interface science,Environmental Studies 
natural resource management,natural resource management,Operations Research & Management Science
natural resource management studies,natural resource management studies,Operations Research & Management Science
natural resource science,natural resource science,Green & Sustainable Science & Technology
natural resource sciences,natural resource science,Environmental Studies 
natural resources ecology,natural resources ecology,Ecology 
natural resources ecology and management,"natural resources ecology, natural resources management",Ecology 
natural resources management,natural resources management,Green & Sustainable Science & Technology
natural resources science,natural resources science,Green & Sustainable Science & Technology
natural science,natural science,Biology
natural sciences,natural science,Biology
natural systems,natural systems,Biology
network management computation,network management computation,Computer Science; Interdisciplinary Applications 
network modeling,network modeling,Computer Science; Interdisciplinary Applications 
network systems,network systems,Computer Science; Interdisciplinary Applications 
neural basis of cognition,cognitive science,Psychology 
neural science,neuroscience,Neurosciences 
neural sciences,neural science,Neurosciences 
neural systems engineering,neural systems engineering,Neurosciences
neurobiology,neurobiology,Neurosciences
neurobiology & behavior,"neurobiology, behavior science",Neurosciences 
neurobiology and behavior,neurobiology,Neurosciences 
neuroengineering,neuroengineering,Engineering; Biomedical 
neuromechanics,neuromechanics,Engineering; Biomedical 
neuromorphic computing,neuromorphic computing,Computer Science; Cybernetics 
neurophysiology,neurophysiology,Neurosciences
neuroscience,neuroscience,Neurosciences
nitrogen science,nitrogen science,Physics; Atomic; Molecular & Chemical 
nonlinear science,nonlinear science,
number theory,number theory,Mathematics
nutrition,nutrition,Nutrition & Dietetics
ocean science,ocean science,Oceanography
oceanography,oceanography,Oceanography
operations research,operations research,Operations Research & Management Science
operations research and industrial engineering,"operations research, industrial engineering",
optical engineering,optical engineering,
optical molecular bio-engineering,"optical engineering, molecular engineering, bio engineering",
optical physics,optical physics,Optics
optical science,optical science,Optics
optics,optical science,Optics
optics and imaging,"optics, imaging",Engineering; Multidisciplinary 
organic chemistry,organic chemistry,Engineering; Multidisciplinary 
organic electronics,organic electronics,Engineering; Electrical & Electronic
organismal biology,organismal biology,Biology
organizational science,organizational science,Operations Research & Management Science
paleoclimatology,paleoclimatology,Paleontology
paleoecology,paleoecology,Ecology
paleontology,paleontology,Paleontology
parasitology,parasitology,Parasitology
particle physics,particle physics,Physics; Particles & Fields
patent law,patent law,Law
pathogen biology,pathogen biology,Biology
pathology,pathology,Pathology
perceptual and cognitive neuroscience,"perceptual neuroscience, cognitive neuroscience",Neurosciences 
perceptual science,perceptual science,Neurosciences 
pharmaceutical science,pharmaceutical science,Pharmacology & Pharmacy
pharmaceutics,pharmaceutics,Pharmacology & Pharmacy
pharmacological science,pharmacology,Pharmacology & Pharmacy
pharmacological sciences,pharmacology,Pharmacology & Pharmacy
pharmacology,pharmacology,Pharmacology & Pharmacy
phenology,phenology,Biology
phenotypic studies,phenotypic studies,Biology
philosophy,philosophy,Philosophy
philosophy of science,philosophy of science,History & Philosophy Of Science
photobiology,photobiology,Biology
photonics,photonics,Optics 
phylogenetic analysis,phylogenetics,Genetics & Heredity 
phylogenetics,phylogenetics,Genetics & Heredity 
physical and life science,"physical science, life science",Biology
physical anthropology,physical anthropology,Anthropology
physical biosciences,physical biosciences,Biology
physical electronics,physical electronics,Physics; Applied
physical organic chemistry,physical organic chemistry,Chemistry; Organic
physical science,physics,Physics; Applied
physical sciences,physics,Physics; Applied
physics,physics,Physics; Applied
physics and astronomy,"physics, astronomy",Physics; Applied
physics of cell structures,cell structure physics,Physics; Applied
physiological modeling,physiological modeling,Physiology
physiology,physiology,Physiology
physiology and biophysics,"physiology, biophysics",Physiology
phytopathology,phytopathology,Plant Sciences
plant and soil science,"plant science, soil science",Plant Sciences
plant and soil sciences,"plant science, soil science",Plant Sciences
plant biology,plant biology,Plant Sciences
plant biotechnology,plant biotechnology,Plant Sciences
plant breeding,plant breeding,Plant Sciences
plant development,plant development,Plant Sciences
plant genetics,plant genetics,Plant Sciences
plant pathology,plant pathology,Plant Sciences
plant science,plant science,Plant Sciences
plant science research,plant science,Plant Sciences
plant sciences,plant science,Plant Sciences
polar sciences,polar science,Environmental Sciences 
political economy,political economy,Political Science
political science,political science,Political Science
polymer design,polymer design,Polymer Science 
polymer engineering,polymer engineering,Engineering; Manufacturing
polymer science,polymer science,Polymer Science
polymer science and engineering,"polymer science, polymer engineering",Polymer Science 
population biology,population biology,Evolutionary Biology 
population dynamics,population dynamics,Evolutionary Biology 
population genetics,population genetics,Evolutionary Biology 
population health sciences,population health science,Health Care Sciences & Services 
population science,population science,Demography 
power electronics and controls,power electronics,Engineering; Electrical & Electronic 
preventive medicine,preventive medicine,Integrative & Complementary Medicine 
primatology,primatology,Zoology 
process engineering,process engineering,Engineering; Manufacturing
product design,product design,
product development,product development,
product engineering,product engineering,Engineering; Manufacturing
protein engineering,protein engineering,Engineering; Biomedical 
proteomics,proteomics,Chemistry; Organic 
psychological science,psychology,Psychology
psychological sciences,psychology,Psychology
psychology,psychology,Psychology
psychophysics,psychophysics,Psychology
public affairs,public affairs,Public Administration
public health,public health,Public; Environmental & Occupational Health
public policy,public policy,Public Administration
public policy/government,"public policy, government",Public Administration
public science (minor),public science,Public Administration
pure and applied mathematics,"pure mathematics, applied mathematics",Mathematics 
qise (quantum information science and engineering),"quantum information science, quantum information engineering",Computer Science; Information Systems 
quantitative biology,quantitative biology,Biology
quantum computing,quantum computing,Computer Science; Information Systems 
quantum engineering,quantum engineering,Engineering; Multidisciplinary
quantum photonics,quantum photonics,Physics; Multidisciplinary 
quantum science,quantum science,Physics; Multidisciplinary 
quantum sciences,quantum science,Physics; Multidisciplinary 
radio frequency engineering,radio frequency engineering,Engineering; Mechanical 
radiochemistry,radiochemistry,Chemistry; Applied 
rangeland science,rangeland science,Biodiversity Conservation 
regenerative biology,regenerative biology,Biodiversity Conservation 
regenerative medicine,regenerative medicine,Biodiversity Conservation 
rehabilitation and movement science (arms),"rehabilitation science, movement science",Rehabilitation 
rehabilitation sciences,rehabilitation science,Rehabilitation 
rehabilitation therapy education,rehabilitation therapy education,Rehabilitation 
relationship science,relationship science,Psychology; Applied 
reproductive ecology,reproductive ecology,Ecology 
resource economics,resource economics,Economics 
resource management,resource management,Planning & Development 
robotic engineering,robotics engineering,Robotics
robotics,robotics,Robotics
robotics engineering,robotics engineering,Robotics
rural sociology,rural sociology,Sociology
science,science,
science and engineering,"science, engineering",
"science, technology, engineering, and mathematics (stem)","science, technology, engineering, mathematics","Engineering; Multidisciplinary, Mathematics"
sciences,science,
scientific computation science,scientific computation science,Computer Science; Theory & Methods
semiconductor engineering,semiconductor engineering,Engineering; Electrical & Electronic 
semiconductor technology,semiconductor technology,Engineering; Electrical & Electronic 
sensor electronics,sensor electronics,Engineering; Electrical & Electronic 
sensor engineering,sensor engineering,Engineering; Electrical & Electronic 
sensor physics,sensor physics,Physics; Applied
sensor science,sensor science,Physics; Applied
sensory biology,sensory biology,Biology
small-scale hydrodynamics,hydrodynamics,Physics; Fluids & Plasmas 
social and behavioral sciences,"social science, behavioral science",Behavioral Sciences 
social and behavioral sciences (sbe),"social science, behavioral science",Behavioral Sciences 
social behavioral science,social behavioral science,Psychology; Social
social behavioral sciences,social behavioral science,Behavioral Sciences 
social computer sciences,social computing science,Behavioral Sciences 
social data analytics,social data analytics,Demography 
social science,social science,Sociology 
social sciences,social science,Social Sciences; Interdisciplinary
"social, behavioral, and economic sciences","social science, behavioral science, economics","Economics, Behavioral Sciences"
social/environmental ethics & policy,"social ethics, social policy, environmental ethics, environmental policy",Ethics
socio-environmental systems science,socio-environmental systems science,Social Sciences; Interdisciplinary 
sociology,sociology,Sociology
sociology & social policy,"sociology, social policy",Social Sciences; Interdisciplinary 
software engineering,software engineering,Computer Science; Software Engineering
soil and crop science,"soil science, crop science",Agriculture; Multidisciplinary 
soil and crop sciences,"soil science, crop science",Agriculture; Multidisciplinary 
soil science,soil science,Agriculture; Multidisciplinary 
soil science and zoology,"soil science, zoology",Zoology 
soils sciences,soil science,Agriculture; Multidisciplinary 
solid state physics,solid state physics,Physics; Condensed Matter
spanish,spanish,Language & Linguistics
spatial and temporal modeling,"spatial modeling, temporal modeling",
spatial science,spatial science,Geography; Physical 
spatial sciences,spatial science,Geography; Physical 
special education,special education,Education & Educational Research 
speech-language-hearing,speech-language-hearing science,Audiology & Speech-Language Pathology
speech-language-hearing science,speech-language-hearing science,Audiology & Speech-Language Pathology
speech-language-hearing sciences,speech-language-hearing science,Audiology & Speech-Language Pathology
statistical science,statistics,Statistics & Probability
statisticics,statistics,Statistics & Probability
statistics,statistics,Statistics & Probability
statistics and probability,"statistics, probability",Statistics & Probability
stem,"science, technology, engineering, mathematics","Engineering; Multidisciplinary, Mathematics"
"stem (science, technology, engineering, and math)","science, technology, engineering, mathematics","Engineering; Multidisciplinary, Mathematics"
"stem (science, technology, engineering, and mathematics)","science, technology, engineering, mathematics","Engineering; Multidisciplinary, Mathematics"
stem cell biology,stem cell biology,Biology
stem education,stem education,Education & Educational Research 
stem fields,"science, technology, engineering, mathematics",
stem programs,"science, technology, engineering, mathematics",
structural biology,structural biology,Biology
structural engineering,structural engineering,Engineering; Industrial 
studies in health sciences,health science,Public; Environmental & Occupational Health 
supply-chain management,supply-chain management,Management 
surgery,surgery,Surgery
sustainability science,sustainability science,Biodiversity Conservation 
sustainable development,sustainable development,Green & Sustainable Science & Technology 
sustainable engineering,sustainable engineering,Engineering; Environmental
synthesis and surface functionalization and characterization of nanostructures,nanostructure science,Nanoscience & Nanotechnology 
synthetic chemistry,synthetic chemistry,Chemistry; Inorganic & Nuclear
system engineering,system engineering,Engineering; Multidisciplinary 
system science,systems science,Computer Science; Cybernetics 
systematics,systematics,Computer Science; Cybernetics 
systems and information engineering,"systems engineering, information engineering",Engineering; Multidisciplinary
systems biology,systems biology,Biology
systems biology and bioengineering,"systems biology, bioengineering",Biology
systems engineering,systems engineering,Engineering; Multidisciplinary
systems integration,systems integration,
systems modeling,systems modeling,
systems neuroscience,systems neuroscience,Neurosciences
team science,team science,
technology,technology,
technology arts,technology arts,Art
theater,theater,Theater
theoretical and applied mechanics,"theoretical mechanics, applied mechanics",Engineering; Mechanical 
theoretical chemistry,theoretical chemistry,Chemistry; Analytical
theoretical computational modeling,theoretical computational modeling,Computer Science; Theory & Methods 
theoretical mechanics,theoretical mechanics,Mechanics
thermal biology,thermal biology,Biology
thermal engineering,thermal engineering,Engineering; Environmental 
tissue engineering,tissue engineering,Cell & Tissue Engineering
toxicology,toxicology,Toxicology
transportation engineering,transportation engineering,Engineering; Civil 
transportation planning,transportation planning,Transportation Science & Technology
transportation science,transportation science,Transportation Science & Technology
tree-ring studies,tree-ring studies,Plant Sciences 
urban affairs and planning,"urban affairs, urban planning",Planning & Development 
urban ecological systems,urban ecological systems,Planning & Development 
urban ecology,urban ecology,Planning & Development 
urban ecosystem management,urban ecosystem management,Operations Research & Management Science 
urban planning,urban planning,Planning & Development
urban policy planning,urban policy planning,Planning & Development
urban studies,urban studies,Urban Studies
urban studies and planning,"urban studies, urban planning",Urban Studies
user experience design,user experience design,Computer Science; Software Engineering 
veterinary medicine,veterinary medicine,Veterinary Sciences 
video art,video art,Art
video art and interactive installations,"video art, interactive installations",Art
visual arts,visual arts,Art
visual design,visual design,Art
water resources management,water resources management,Management 
water systems,water systems,Marine & Freshwater Biology 
watershed science,watershed science,Marine & Freshwater Biology 
watershed sciences,watershed science,Marine & Freshwater Biology 
wildlife conservation,wildlife conservation,Biodiversity Conservation
wildlife science,wildlife science,Biodiversity Conservation
wood science and forest products,wood science,Forestry 
zoology,zoology,Zoology